pair_id,id_a,id_b,similarity,phash_distance,bin,weight,label
1,34015,31124,1.0000002,0.0,"[0.98, 1.0)",66.04,
2,40532,40530,0.9707861,10.0,"[0.95, 0.98)",155.28,
3,26154,15120,0.95249516,14.0,"[0.95, 0.98)",155.28,
4,43864,43863,0.9022701,20.0,"[0.9, 0.95)",1475.56,
5,55512,55505,0.94707114,4.0,"[0.9, 0.95)",1475.56,
6,34262,34300,0.9357675,12.0,"[0.9, 0.95)",1475.56,
7,57428,57432,0.86300004,20.0,"[0.8, 0.9)",4726.44,
8,57603,57606,0.98177505,2.0,"[0.98, 1.0)",66.04,
9,54908,2918,0.81780535,20.0,"[0.8, 0.9)",4726.44,
10,35809,49608,0.8260757,14.0,"[0.8, 0.9)",4726.44,
11,11397,23071,0.8900434,12.0,"[0.8, 0.9)",4726.44,
12,25063,17372,0.92467403,12.0,"[0.9, 0.95)",1475.56,
13,43471,43470,0.9555903,12.0,"[0.95, 0.98)",155.28,
14,52564,52565,0.9021303,22.0,"[0.9, 0.95)",1475.56,
15,57558,57554,0.99735904,0.0,"[0.98, 1.0)",66.04,
16,44729,11940,0.88971305,12.0,"[0.8, 0.9)",4726.44,
17,29872,29871,0.98751307,0.0,"[0.98, 1.0)",66.04,
18,9591,9592,1.0000002,0.0,"[0.98, 1.0)",66.04,
19,42660,25821,0.83612216,12.0,"[0.8, 0.9)",4726.44,
20,27778,27781,0.9427513,14.0,"[0.9, 0.95)",1475.56,
21,49705,50309,0.95424,4.0,"[0.95, 0.98)",155.28,
22,57906,57917,1.0000002,0.0,"[0.98, 1.0)",66.04,
23,41870,39821,0.92045206,16.0,"[0.9, 0.95)",1475.56,
24,49834,49811,0.9056412,6.0,"[0.9, 0.95)",1475.56,
25,56093,56092,0.9663875,2.0,"[0.95, 0.98)",155.28,
26,23932,39668,0.80813885,12.0,"[0.8, 0.9)",4726.44,
27,22035,15830,0.9190297,18.0,"[0.9, 0.95)",1475.56,
28,57588,57592,0.99430156,2.0,"[0.98, 1.0)",66.04,
29,38843,57986,0.820537,20.0,"[0.8, 0.9)",4726.44,
30,55862,55877,0.9617902,4.0,"[0.95, 0.98)",155.28,
31,38201,8714,0.8975998,16.0,"[0.8, 0.9)",4726.44,
32,8165,8148,0.9318893,18.0,"[0.9, 0.95)",1475.56,
33,34232,34238,0.9999999,0.0,"[0.98, 1.0)",66.04,
34,12391,58892,0.9134447,16.0,"[0.9, 0.95)",1475.56,
35,13309,13308,1.0,0.0,"[0.98, 1.0)",66.04,
36,15716,46805,0.85166204,16.0,"[0.8, 0.9)",4726.44,
37,56084,56080,0.9706148,4.0,"[0.95, 0.98)",155.28,
38,49732,49709,0.9781108,0.0,"[0.95, 0.98)",155.28,
39,27580,31035,0.91136146,24.0,"[0.9, 0.95)",1475.56,
40,46440,26344,0.8015404,24.0,"[0.8, 0.9)",4726.44,
41,51605,51607,0.9129256,16.0,"[0.9, 0.95)",1475.56,
42,50291,50284,0.94132257,4.0,"[0.9, 0.95)",1475.56,
43,13500,31361,0.88031983,18.0,"[0.8, 0.9)",4726.44,
44,34008,31120,1.0000004,0.0,"[0.98, 1.0)",66.04,
45,22374,13894,0.9287995,32.0,"[0.9, 0.95)",1475.56,
46,11861,6442,0.8804129,6.0,"[0.8, 0.9)",4726.44,
47,55044,55042,0.9946443,2.0,"[0.98, 1.0)",66.04,
48,42399,26912,0.9048152,12.0,"[0.9, 0.95)",1475.56,
49,49688,49716,0.97467196,0.0,"[0.95, 0.98)",155.28,
50,8245,19118,0.88761055,12.0,"[0.8, 0.9)",4726.44,
51,19935,19931,0.8664956,6.0,"[0.8, 0.9)",4726.44,
52,33987,59901,0.8010514,24.0,"[0.8, 0.9)",4726.44,
53,16071,9892,0.83781946,20.0,"[0.8, 0.9)",4726.44,
54,18698,15798,0.9316908,6.0,"[0.9, 0.95)",1475.56,
55,16423,16426,0.8930867,4.0,"[0.8, 0.9)",4726.44,
56,57633,57654,0.9919186,2.0,"[0.98, 1.0)",66.04,
57,26718,22347,0.88558066,18.0,"[0.8, 0.9)",4726.44,
58,8147,8265,0.95727795,26.0,"[0.95, 0.98)",155.28,
59,51777,51013,0.9100711,24.0,"[0.9, 0.95)",1475.56,
60,9520,9519,0.99999976,0.0,"[0.98, 1.0)",66.04,
61,26121,32767,0.9654689,14.0,"[0.95, 0.98)",155.28,
62,45633,45634,0.99990785,0.0,"[0.98, 1.0)",66.04,
63,23977,22384,0.9551056,22.0,"[0.95, 0.98)",155.28,
64,12869,39826,0.9243518,12.0,"[0.9, 0.95)",1475.56,
65,56986,56987,0.9538351,4.0,"[0.95, 0.98)",155.28,
66,27183,16368,0.9513067,12.0,"[0.95, 0.98)",155.28,
67,11682,18917,0.9290112,14.0,"[0.9, 0.95)",1475.56,
68,46743,46749,0.9649414,0.0,"[0.95, 0.98)",155.28,
69,55872,55862,0.9560095,16.0,"[0.95, 0.98)",155.28,
70,38500,40999,1.0000001,0.0,"[0.98, 1.0)",66.04,
71,34028,34029,0.99999976,0.0,"[0.98, 1.0)",66.04,
72,11523,26264,0.9030131,20.0,"[0.9, 0.95)",1475.56,
73,27170,22378,0.9533671,10.0,"[0.95, 0.98)",155.28,
74,37142,9630,0.90739405,22.0,"[0.9, 0.95)",1475.56,
75,42003,42004,0.9999999,0.0,"[0.98, 1.0)",66.04,
76,36408,36380,0.9658886,12.0,"[0.95, 0.98)",155.28,
77,27212,33491,1.0,0.0,"[0.98, 1.0)",66.04,
78,34990,34987,0.9150317,12.0,"[0.9, 0.95)",1475.56,
79,34014,31123,1.0000001,0.0,"[0.98, 1.0)",66.04,
80,28895,28900,0.9675259,14.0,"[0.95, 0.98)",155.28,
81,59064,59070,0.95139754,16.0,"[0.95, 0.98)",155.28,
82,41993,40125,1.0,0.0,"[0.98, 1.0)",66.04,
83,46611,49592,0.90276736,16.0,"[0.9, 0.95)",1475.56,
84,38169,38171,0.93672925,10.0,"[0.9, 0.95)",1475.56,
85,27197,18173,0.8298641,42.0,"[0.8, 0.9)",4726.44,
86,16610,26155,0.9520904,12.0,"[0.95, 0.98)",155.28,
87,4452,38561,0.8218207,38.0,"[0.8, 0.9)",4726.44,
88,51035,57056,0.83462226,26.0,"[0.8, 0.9)",4726.44,
89,17715,17729,0.8543725,16.0,"[0.8, 0.9)",4726.44,
90,39838,39839,0.9999999,0.0,"[0.98, 1.0)",66.04,
91,11082,11081,0.99999994,0.0,"[0.98, 1.0)",66.04,
92,41536,36024,0.9526464,4.0,"[0.95, 0.98)",155.28,
93,4898,4899,0.9999999,0.0,"[0.98, 1.0)",66.04,
94,11042,11041,1.0000001,0.0,"[0.98, 1.0)",66.04,
95,51556,31842,0.8185847,32.0,"[0.8, 0.9)",4726.44,
96,54225,54192,0.9775908,6.0,"[0.95, 0.98)",155.28,
97,55379,55384,0.96285236,2.0,"[0.95, 0.98)",155.28,
98,20408,20067,0.882318,6.0,"[0.8, 0.9)",4726.44,
99,31098,34038,0.9999999,0.0,"[0.98, 1.0)",66.04,
100,55986,55969,0.966333,2.0,"[0.95, 0.98)",155.28,
