class,precision,recall,f1,support
Tshirts,0.9265,0.8802,0.9028,1060
Shirts,0.8918,0.9213,0.9063,483
Casual Shoes,0.8059,0.7681,0.7866,427
Watches,0.9921,0.9948,0.9934,381
Sports Shoes,0.8257,0.8203,0.823,306
Kurtas,0.8704,0.8484,0.8592,277
Handbags,0.9658,0.9621,0.9639,264
Tops,0.6039,0.7045,0.6503,264
Heels,0.7419,0.809,0.774,199
Sunglasses,0.9878,1.0,0.9939,162
Wallets,0.8859,0.9362,0.9103,141
Flip Flops,0.7848,0.8986,0.8378,138
Sandals,0.7351,0.8284,0.7789,134
Briefs,0.9688,0.9688,0.9688,128
Belts,1.0,0.9669,0.9832,121
Backpacks,0.9545,0.9722,0.9633,108
Socks,0.9901,0.9804,0.9852,102
Formal Shoes,0.7727,0.8854,0.8252,96
Perfume and Body Mist,0.9634,0.8495,0.9029,93
Jeans,0.8936,0.913,0.9032,92
Shorts,0.764,0.8293,0.7953,82
Trousers,0.8889,0.9114,0.9,79
Flats,0.4231,0.1467,0.2178,75
Bra,0.9863,1.0,0.9931,72
Dresses,0.6761,0.6957,0.6857,69
Sarees,0.9692,0.9844,0.9767,64
Earrings,0.9254,0.9841,0.9538,63
Deodorant,0.8226,0.9808,0.8947,52
Nail Polish,0.96,0.9796,0.9697,49
Lipstick,1.0,0.9783,0.989,46
Track Pants,0.8837,0.8444,0.8636,45
Clutches,0.7436,0.6591,0.6988,44
Sweaters,0.4634,0.4524,0.4578,42
Sweatshirts,0.5,0.5714,0.5333,42
Caps,0.9524,0.9524,0.9524,42
Jackets,0.5862,0.4359,0.5,39
Innerwear Vests,0.6458,0.8378,0.7294,37
Ties,1.0,0.9722,0.9859,36
Kurtis,0.325,0.3714,0.3467,35
Tunics,0.2414,0.2059,0.2222,34
Nightdress,0.75,0.7241,0.7368,29
Capris,0.5263,0.3704,0.4348,27
Leggings,0.913,0.7778,0.84,27
Pendant,0.8636,0.7308,0.7917,26
Necklace and Chains,0.9167,0.9167,0.9167,24
Lip Gloss,0.8696,0.9524,0.9091,21
Night suits,0.68,0.8095,0.7391,21
Trunk,0.8261,0.9048,0.8636,21
Skirts,0.6,0.45,0.5143,20
Scarves,0.8235,0.7778,0.8,18
Ring,0.8947,0.9444,0.9189,18
Dupatta,0.9231,0.7059,0.8,17
Accessory Gift Set,0.9412,1.0,0.9697,16
Kajal and Eyeliner,0.8333,0.625,0.7143,16
Cufflinks,1.0,1.0,1.0,15
