query,relevant_in_gallery
blue ties for men,55
brown sandals for unisex,9
black skirts for women,22
blue clutches for women,13
grey night suits for men,11
pink dupatta for women,8
brown casual shoes for unisex,9
blue perfume and body mist for men,65
red jackets for men,13
grey briefs for men,104
brown sarees for women,8
grey briefs for women,15
orange dresses for women,6
grey night suits for women,12
green trousers for men,24
black kurtas for women,126
red kurtis for women,24
grey sweatshirts for men,43
blue leggings for women,23
yellow tshirts for women,54
black accessory gift set for men,15
red sandals for unisex,6
grey clutches for women,24
yellow kurtas for women,36
red watches for men,6
gold watches for women,37
blue shorts for girls,11
white perfume and body mist for women,50
red perfume and body mist for men,19
brown briefs for men,9
green belts for women,8
grey sunglasses for unisex,12
green sweaters for men,14
pink capris for women,7
black kurtas for men,7
black necklace and chains for women,8
purple kajal and eyeliner for women,7
green flats for women,7
green kajal and eyeliner for women,9
grey track pants for women,22
beige tshirts for men,63
multi tunics for women,7
purple lipstick for women,46
black kurtis for women,15
red kurtas for women,167
black formal shoes for men,338
grey jackets for men,16
green handbags for women,111
beige handbags for unisex,10
red tshirts for girls,5
pink clutches for women,13
green shirts for men,220
grey pendant for women,102
black sports shoes for men,390
brown heels for women,219
blue watches for men,61
black trunk for men,34
black casual shoes for women,70
blue flip flops for unisex,27
red briefs for men,39
white tshirts for men,713
brown dresses for women,8
blue track pants for men,53
purple sarees for women,29
orange backpacks for unisex,10
black flip flops for women,46
grey trousers for men,68
gold clutches for women,22
grey ties for men,22
purple briefs for women,16
white socks for women,23
yellow wallets for women,10
blue trunk for men,30
green scarves for women,6
pink night suits for women,20
black jackets for women,15
blue tops for women,181
pink heels for women,28
grey sunglasses for women,22
black flip flops for men,123
red trunk for men,8
green watches for men,12
black capris for women,42
green tops for girls,13
blue flats for women,20
yellow perfume and body mist for women,7
red heels for women,56
green perfume and body mist for women,15
red flip flops for men,53
beige sarees for women,25
brown socks for men,35
yellow tshirts for men,169
purple night suits for women,5
blue jackets for women,12
blue tshirts for men,1029
red scarves for women,7
black sweatshirts for men,50
black perfume and body mist for women,10
brown tunics for women,7
beige bra for women,56
white socks for men,96
blue belts for men,15
beige tops for women,54
red sandals for men,12
white shorts for men,39
multi heels for women,32
green bra for women,5
black tshirts for men,758
yellow deodorant for women,6
purple ties for men,24
grey earrings for women,192
red lip gloss for women,17
gold sunglasses for men,41
purple casual shoes for men,6
grey tshirts for men,478
green tshirts for men,378
black nightdress for women,22
white tshirts for women,169
black leggings for women,17
brown casual shoes for women,23
purple accessory gift set for men,17
brown kajal and eyeliner for women,9
grey backpacks for unisex,57
beige trousers for men,57
green watches for women,7
pink watches for women,45
purple watches for women,17
grey wallets for women,18
blue socks for unisex,5
black clutches for women,68
white night suits for men,7
red dresses for women,18
pink sports shoes for women,11
grey tshirts for women,52
blue track pants for women,11
green kurtas for men,9
black dresses for women,84
white sweaters for women,5
multi tops for women,19
multi socks for men,11
white necklace and chains for women,5
pink dresses for girls,22
grey socks for men,59
black scarves for men,11
white sandals for men,9
red perfume and body mist for women,15
black heels for women,300
pink tshirts for girls,21
blue backpacks for men,12
black belts for women,52
black innerwear vests for men,43
blue jackets for men,39
white nightdress for women,20
brown sports shoes for men,22
brown kurtis for women,8
blue bra for women,19
orange tshirts for men,77
beige socks for men,23
red wallets for men,5
grey flats for women,38
orange handbags for women,34
blue briefs for men,115
blue sweaters for men,41
beige clutches for women,12
green sandals for unisex,8
black jeans for men,28
brown flip flops for women,7
blue skirts for women,29
blue casual shoes for men,200
red night suits for men,5
white flip flops for women,27
blue backpacks for unisex,114
grey watches for men,230
grey deodorant for men,22
white sports shoes for men,609
black backpacks for unisex,215
black sweaters for women,11
gold perfume and body mist for unisex,7
black cufflinks for men,13
blue tshirts for women,139
gold necklace and chains for women,30
green tops for women,104
purple lip gloss for women,16
white sandals for unisex,6
beige shirts for men,29
blue socks for women,9
blue trousers for men,45
grey necklace and chains for women,20
green leggings for women,11
multi shirts for men,5
black sweatshirts for women,11
black night suits for men,9
black caps for unisex,37
purple backpacks for unisex,9
red flats for women,24
pink tops for girls,62
purple sweaters for women,8
grey sandals for unisex,9
green sports shoes for men,12
blue capris for girls,7
multi tshirts for men,10
brown backpacks for unisex,14
beige leggings for women,15
purple flats for women,11
blue capris for women,27
green briefs for women,7
pink lipstick for women,59
black night suits for women,5
black earrings for women,10
purple kurtis for women,9
multi handbags for women,17
beige sports shoes for men,6
green perfume and body mist for men,18
green nail polish for women,10
grey caps for unisex,8
grey pendant for men,6
blue perfume and body mist for women,29
red deodorant for women,9
green sunglasses for unisex,13
grey tshirts for boys,19
yellow sarees for women,27
white casual shoes for unisex,26
red casual shoes for women,19
green tshirts for girls,10
blue tops for girls,20
grey flip flops for men,27
grey tops for women,82
blue necklace and chains for women,16
red wallets for women,41
pink flats for women,16
green dresses for women,13
purple flip flops for women,20
brown sunglasses for men,122
blue briefs for women,20
white dresses for women,30
white sports shoes for unisex,8
white deodorant for men,9
blue innerwear vests for men,20
green sandals for men,32
white caps for unisex,12
pink scarves for women,6
white trunk for men,11
grey sandals for men,33
grey shirts for men,150
pink tunics for women,23
pink backpacks for unisex,10
black sunglasses for men,191
black track pants for men,70
white heels for women,70
brown nail polish for women,36
white handbags for women,68
red bra for women,33
black shirts for men,212
beige dresses for women,20
black sarees for women,18
white kurtis for women,19
red caps for men,14
yellow sports shoes for men,5
white shorts for boys,5
pink sandals for girls,9
grey track pants for men,44
beige handbags for women,82
black belts for unisex,5
black belts for men,224
blue jeans for girls,6
white capris for women,7
green trousers for women,8
blue night suits for women,6
orange tshirts for women,23
pink earrings for women,7
blue night suits for men,16
pink skirts for women,8
pink tops for women,210
brown perfume and body mist for men,21
green casual shoes for unisex,12
beige kurtas for men,9
multi necklace and chains for women,7
brown nightdress for women,7
green kurtis for women,28
green sarees for women,63
gold flip flops for women,7
grey skirts for women,10
green tshirts for unisex,10
gold pendant for women,26
grey nail polish for women,11
beige flats for women,20
brown kurtas for women,90
beige sandals for men,22
blue tunics for women,35
pink necklace and chains for women,6
pink casual shoes for women,7
yellow kurtis for women,5
white tshirts for unisex,6
red shirts for boys,9
blue sunglasses for women,6
orange shirts for men,14
black shirts for women,31
white briefs for men,71
yellow flip flops for unisex,8
orange kurtis for women,11
